id,user_id,nickname,password,prifile_image,gender,age,created_at
1,Rebekah,Johnson,dnddow@14,https://w.namu.la/s/047dddadae835cf34effb34f3088d4a6a958ad498e124c9e16fcd985db20f0639a7a5eef3dcb0373716885363f145a56f7592303d62c6d55bc9f8fd4b33cb84c7753abc45759cffdd24165828b720fef49f4be1bd09f50a051ea6d99b52f671f88edddb543c2d526bef4a8e07535a748,male,40,2022-09-20-14:00
2,Fabian,Predovic,wecode$37,https://w.namu.la/s/047dddadae835cf34effb34f3088d4a6a958ad498e124c9e16fcd985db20f0639a7a5eef3dcb0373716885363f145a56f7592303d62c6d55bc9f8fd4b33cb84c7753abc45759cffdd24165828b720fef49f4be1bd09f50a051ea6d99b52f671f88edddb543c2d526bef4a8e07535a748,female,30,2022-09-20-14:00
3,Elenor,Gottlieb,samsung99*&,https://w.namu.la/s/047dddadae835cf34effb34f3088d4a6a958ad498e124c9e16fcd985db20f0639a7a5eef3dcb0373716885363f145a56f7592303d62c6d55bc9f8fd4b33cb84c7753abc45759cffdd24165828b720fef49f4be1bd09f50a051ea6d99b52f671f88edddb543c2d526bef4a8e07535a748,male,20,2022-09-20-14:00
4,engsoo,kimes89,mango&$23,https://w.namu.la/s/047dddadae835cf34effb34f3088d4a6a958ad498e124c9e16fcd985db20f0639a7a5eef3dcb0373716885363f145a56f7592303d62c6d55bc9f8fd4b33cb84c7753abc45759cffdd24165828b720fef49f4be1bd09f50a051ea6d99b52f671f88edddb543c2d526bef4a8e07535a748,male,10,2022-09-20-14:00
5,kyungen,leeke90,mango&$23,https://w.namu.la/s/047dddadae835cf34effb34f3088d4a6a958ad498e124c9e16fcd985db20f0639a7a5eef3dcb0373716885363f145a56f7592303d62c6d55bc9f8fd4b33cb84c7753abc45759cffdd24165828b720fef49f4be1bd09f50a051ea6d99b52f671f88edddb543c2d526bef4a8e07535a748,female,10,2022-09-20-14:00
6,songhwa,sungjh99,mango&$23,https://w.namu.la/s/047dddadae835cf34effb34f3088d4a6a958ad498e124c9e16fcd985db20f0639a7a5eef3dcb0373716885363f145a56f7592303d62c6d55bc9f8fd4b33cb84c7753abc45759cffdd24165828b720fef49f4be1bd09f50a051ea6d99b52f671f88edddb543c2d526bef4a8e07535a748,male,10,2022-09-20-14:00
7,jiwon,kimjw987,mango&$23,https://w.namu.la/s/047dddadae835cf34effb34f3088d4a6a958ad498e124c9e16fcd985db20f0639a7a5eef3dcb0373716885363f145a56f7592303d62c6d55bc9f8fd4b33cb84c7753abc45759cffdd24165828b720fef49f4be1bd09f50a051ea6d99b52f671f88edddb543c2d526bef4a8e07535a748,female,10,2022-09-20-14:00
8,jiyoon,shinjy46,mango&$23,https://w.namu.la/s/047dddadae835cf34effb34f3088d4a6a958ad498e124c9e16fcd985db20f0639a7a5eef3dcb0373716885363f145a56f7592303d62c6d55bc9f8fd4b33cb84c7753abc45759cffdd24165828b720fef49f4be1bd09f50a051ea6d99b52f671f88edddb543c2d526bef4a8e07535a748,male,10,2022-09-20-14:00
9,janghyun,namjh23,mango&$23,https://w.namu.la/s/047dddadae835cf34effb34f3088d4a6a958ad498e124c9e16fcd985db20f0639a7a5eef3dcb0373716885363f145a56f7592303d62c6d55bc9f8fd4b33cb84c7753abc45759cffdd24165828b720fef49f4be1bd09f50a051ea6d99b52f671f88edddb543c2d526bef4a8e07535a748,male,10,2022-09-20-14:00
10,junhyung,chojh25,mango&$23,https://w.namu.la/s/047dddadae835cf34effb34f3088d4a6a958ad498e124c9e16fcd985db20f0639a7a5eef3dcb0373716885363f145a56f7592303d62c6d55bc9f8fd4b33cb84c7753abc45759cffdd24165828b720fef49f4be1bd09f50a051ea6d99b52f671f88edddb543c2d526bef4a8e07535a748,male,10,2022-09-20-14:00
11,sungbin,lim34,beenzino$53,https://w.namu.la/s/047dddadae835cf34effb34f3088d4a6a958ad498e124c9e16fcd985db20f0639a7a5eef3dcb0373716885363f145a56f7592303d62c6d55bc9f8fd4b33cb84c7753abc45759cffdd24165828b720fef49f4be1bd09f50a051ea6d99b52f671f88edddb543c2d526bef4a8e07535a748,male,30,2022-09-20-21:30
12,jongbum,kang45,wecode37%#,https://w.namu.la/s/047dddadae835cf34effb34f3088d4a6a958ad498e124c9e16fcd985db20f0639a7a5eef3dcb0373716885363f145a56f7592303d62c6d55bc9f8fd4b33cb84c7753abc45759cffdd24165828b720fef49f4be1bd09f50a051ea6d99b52f671f88edddb543c2d526bef4a8e07535a748,male,21,2022-09-20-21:30
13,areum,kim45,wecode37$%,https://w.namu.la/s/047dddadae835cf34effb34f3088d4a6a958ad498e124c9e16fcd985db20f0639a7a5eef3dcb0373716885363f145a56f7592303d62c6d55bc9f8fd4b33cb84c7753abc45759cffdd24165828b720fef49f4be1bd09f50a051ea6d99b52f671f88edddb543c2d526bef4a8e07535a748,female,20,2022-09-20-23:43
14,banban,ban54,wecode37%^,https://w.namu.la/s/047dddadae835cf34effb34f3088d4a6a958ad498e124c9e16fcd985db20f0639a7a5eef3dcb0373716885363f145a56f7592303d62c6d55bc9f8fd4b33cb84c7753abc45759cffdd24165828b720fef49f4be1bd09f50a051ea6d99b52f671f88edddb543c2d526bef4a8e07535a748,female,54,2022-09-20-23:54
15,gddwe,gdragon,wecode37$%%$,https://w.namu.la/s/047dddadae835cf34effb34f3088d4a6a958ad498e124c9e16fcd985db20f0639a7a5eef3dcb0373716885363f145a56f7592303d62c6d55bc9f8fd4b33cb84c7753abc45759cffdd24165828b720fef49f4be1bd09f50a051ea6d99b52f671f88edddb543c2d526bef4a8e07535a748,male,45,2022-10-01-01:00
16,jieun,lee93,wecode37#$^^,https://w.namu.la/s/047dddadae835cf34effb34f3088d4a6a958ad498e124c9e16fcd985db20f0639a7a5eef3dcb0373716885363f145a56f7592303d62c6d55bc9f8fd4b33cb84c7753abc45759cffdd24165828b720fef49f4be1bd09f50a051ea6d99b52f671f88edddb543c2d526bef4a8e07535a748,female,45,2022-10-01-02:00
17,aeidt,wrtg456,wecode37#$%^,https://w.namu.la/s/047dddadae835cf34effb34f3088d4a6a958ad498e124c9e16fcd985db20f0639a7a5eef3dcb0373716885363f145a56f7592303d62c6d55bc9f8fd4b33cb84c7753abc45759cffdd24165828b720fef49f4be1bd09f50a051ea6d99b52f671f88edddb543c2d526bef4a8e07535a748,male,54,2022-10-01-03:00
18,sadfsadf,sadg5457,wecode37@$%$%$,https://w.namu.la/s/047dddadae835cf34effb34f3088d4a6a958ad498e124c9e16fcd985db20f0639a7a5eef3dcb0373716885363f145a56f7592303d62c6d55bc9f8fd4b33cb84c7753abc45759cffdd24165828b720fef49f4be1bd09f50a051ea6d99b52f671f88edddb543c2d526bef4a8e07535a748,male,76,2022-10-01-04:00
19,vfghjl,ghktibm56,wecode37^*&$%@,https://w.namu.la/s/047dddadae835cf34effb34f3088d4a6a958ad498e124c9e16fcd985db20f0639a7a5eef3dcb0373716885363f145a56f7592303d62c6d55bc9f8fd4b33cb84c7753abc45759cffdd24165828b720fef49f4be1bd09f50a051ea6d99b52f671f88edddb543c2d526bef4a8e07535a748,female,09,2022-10-01-05:00
20,sadzgdshg,gdsket67,wecode37&#$,https://w.namu.la/s/047dddadae835cf34effb34f3088d4a6a958ad498e124c9e16fcd985db20f0639a7a5eef3dcb0373716885363f145a56f7592303d62c6d55bc9f8fd4b33cb84c7753abc45759cffdd24165828b720fef49f4be1bd09f50a051ea6d99b52f671f88edddb543c2d526bef4a8e07535a748,female,23,2022-10-01-06:00